[{"model": "admin.logentry", "pk": 1, "fields": {"action_time": "2022-11-04T23:06:31.597Z", "user": 1, "content_type": 7, "object_id": "1", "object_repr": "admin", "action_flag": 1, "change_message": "[{\"added\": {}}]"}}, {"model": "admin.logentry", "pk": 2, "fields": {"action_time": "2022-11-04T23:06:35.376Z", "user": 1, "content_type": 8, "object_id": "1", "object_repr": "torneo maxibasquet", "action_flag": 1, "change_message": "[{\"added\": {}}]"}}, {"model": "admin.logentry", "pk": 3, "fields": {"action_time": "2022-11-04T23:07:55.451Z", "user": 1, "content_type": 10, "object_id": "1", "object_repr": "Preinscripción del 2022-11-04 al 2022-11-10", "action_flag": 1, "change_message": "[{\"added\": {}}]"}}, {"model": "admin.logentry", "pk": 4, "fields": {"action_time": "2022-11-04T23:20:59.832Z", "user": 1, "content_type": 13, "object_id": "1", "object_repr": "Varones", "action_flag": 1, "change_message": "[{\"added\": {}}]"}}, {"model": "admin.logentry", "pk": 5, "fields": {"action_time": "2022-11-04T23:21:24.342Z", "user": 1, "content_type": 13, "object_id": "2", "object_repr": "Mujeres", "action_flag": 1, "change_message": "[{\"added\": {}}]"}}, {"model": "admin.logentry", "pk": 6, "fields": {"action_time": "2022-11-04T23:21:43.870Z", "user": 1, "content_type": 13, "object_id": "3", "object_repr": "Mixto", "action_flag": 1, "change_message": "[{\"added\": {}}]"}}, {"model": "admin.logentry", "pk": 7, "fields": {"action_time": "2022-11-04T23:26:20.306Z", "user": 1, "content_type": 10, "object_id": "1", "object_repr": "Preinscripción del 2022-11-03 al 2022-11-15", "action_flag": 2, "change_message": "[{\"changed\": {\"fields\": [\"Monto Preinscripcion\"]}}]"}}, {"model": "admin.logentry", "pk": 8, "fields": {"action_time": "2022-11-04T23:27:02.632Z", "user": 1, "content_type": 8, "object_id": "1", "object_repr": "torneo maxibasquet", "action_flag": 2, "change_message": "[{\"changed\": {\"fields\": [\"Fecha torneo inicio\"]}}]"}}, {"model": "admin.logentry", "pk": 9, "fields": {"action_time": "2022-11-04T23:40:04.588Z", "user": 1, "content_type": 15, "object_id": "1", "object_repr": "Entrenador object (1)", "action_flag": 1, "change_message": "[{\"added\": {}}]"}}, {"model": "admin.logentry", "pk": 10, "fields": {"action_time": "2022-11-04T23:40:11.997Z", "user": 1, "content_type": 16, "object_id": "1", "object_repr": "Equipo object (1)", "action_flag": 2, "change_message": "[{\"changed\": {\"fields\": [\"Nombre equipo\", \"Pais origen\", \"Ciudad origen\", \"Escudo equipo\", \"Foto equipo\", \"Categoria equipo\", \"Estado inscripcion equipo\", \"Id entrenador equipo\"]}}]"}}, {"model": "admin.logentry", "pk": 11, "fields": {"action_time": "2022-11-04T23:41:40.401Z", "user": 1, "content_type": 16, "object_id": "1", "object_repr": "Equipo object (1)", "action_flag": 2, "change_message": "[{\"changed\": {\"fields\": [\"Estado inscripcion equipo\"]}}]"}}, {"model": "admin.logentry", "pk": 12, "fields": {"action_time": "2022-11-05T00:20:29.508Z", "user": 1, "content_type": 17, "object_id": "1", "object_repr": "Jugador object (1)", "action_flag": 1, "change_message": "[{\"added\": {}}]"}}, {"model": "admin.logentry", "pk": 13, "fields": {"action_time": "2022-11-05T00:23:02.261Z", "user": 1, "content_type": 17, "object_id": "2", "object_repr": "Jugador object (2)", "action_flag": 1, "change_message": "[{\"added\": {}}]"}}, {"model": "admin.logentry", "pk": 14, "fields": {"action_time": "2022-11-05T00:44:13.783Z", "user": 1, "content_type": 14, "object_id": "3", "object_repr": "Delegado object (3)", "action_flag": 2, "change_message": "[{\"changed\": {\"fields\": [\"Nacimiento delegado\", \"Foto Delegado\"]}}]"}}, {"model": "admin.logentry", "pk": 15, "fields": {"action_time": "2022-11-05T03:57:41.888Z", "user": 1, "content_type": 10, "object_id": "1", "object_repr": "Preinscripción del 2022-11-03 al 2022-11-15", "action_flag": 2, "change_message": "[]"}}, {"model": "admin.logentry", "pk": 16, "fields": {"action_time": "2022-11-05T03:58:02.906Z", "user": 1, "content_type": 16, "object_id": "1", "object_repr": "Equipo object (1)", "action_flag": 2, "change_message": "[{\"changed\": {\"fields\": [\"Estado inscripcion equipo\"]}}]"}}, {"model": "admin.logentry", "pk": 17, "fields": {"action_time": "2022-11-05T03:59:50.308Z", "user": 1, "content_type": 16, "object_id": "1", "object_repr": "Equipo object (1)", "action_flag": 2, "change_message": "[{\"changed\": {\"fields\": [\"Estado inscripcion equipo\"]}}]"}}, {"model": "auth.user", "pk": 1, "fields": {"password": "pbkdf2_sha256$390000$F4Tzth1OuFTaFffIw49vwh$m4xUDDsbaTOPA9eYEwey90EcaoBKlFRZ6hk3YZzX4Q8=", "last_login": "2022-11-04T23:38:12.902Z", "is_superuser": true, "username": "cristian", "first_name": "", "last_name": "", "email": "cristian@admin.com", "is_staff": true, "is_active": true, "date_joined": "2022-11-04T22:55:15.588Z", "groups": [], "user_permissions": []}}, {"model": "auth.user", "pk": 2, "fields": {"password": "pbkdf2_sha256$390000$K36iS3sjFb9ylI2Umr0Dhu$xQbvQ7fiWJRSQlqXO2r5OWOCf0RFrKBSgdJ259s7O+s=", "last_login": "2022-11-09T23:29:56.490Z", "is_superuser": true, "username": "admin", "first_name": "", "last_name": "", "email": "admin@admin.com", "is_staff": true, "is_active": true, "date_joined": "2022-11-04T23:09:00.310Z", "groups": [], "user_permissions": []}}, {"model": "auth.user", "pk": 3, "fields": {"password": "pbkdf2_sha256$390000$j0hpXmLrrZV6lM0LvxzVHf$igR7aaCLFzOBFccSQoF83BYB1Te0f03qXYIWNnJQ3FU=", "last_login": "2022-11-16T21:04:09.045Z", "is_superuser": false, "username": "crisarando10-1", "first_name": "", "last_name": "", "email": "crisarando10@delegacion.com", "is_staff": false, "is_active": true, "date_joined": "2022-11-04T23:33:21.132Z", "groups": [], "user_permissions": []}}, {"model": "contenttypes.contenttype", "pk": 1, "fields": {"app_label": "admin", "model": "logentry"}}, {"model": "contenttypes.contenttype", "pk": 2, "fields": {"app_label": "auth", "model": "permission"}}, {"model": "contenttypes.contenttype", "pk": 3, "fields": {"app_label": "auth", "model": "group"}}, {"model": "contenttypes.contenttype", "pk": 4, "fields": {"app_label": "auth", "model": "user"}}, {"model": "contenttypes.contenttype", "pk": 5, "fields": {"app_label": "contenttypes", "model": "contenttype"}}, {"model": "contenttypes.contenttype", "pk": 6, "fields": {"app_label": "sessions", "model": "session"}}, {"model": "contenttypes.contenttype", "pk": 7, "fields": {"app_label": "torneo", "model": "organizador"}}, {"model": "contenttypes.contenttype", "pk": 8, "fields": {"app_label": "torneo", "model": "torneo"}}, {"model": "contenttypes.contenttype", "pk": 9, "fields": {"app_label": "torneo", "model": "inscripcion"}}, {"model": "contenttypes.contenttype", "pk": 10, "fields": {"app_label": "torneo", "model": "pre_inscripcion"}}, {"model": "contenttypes.contenttype", "pk": 11, "fields": {"app_label": "torneo", "model": "delegado_inscripcion"}}, {"model": "contenttypes.contenttype", "pk": 12, "fields": {"app_label": "torneo", "model": "delegado_preinscripcion"}}, {"model": "contenttypes.contenttype", "pk": 13, "fields": {"app_label": "torneo", "model": "categorias_torneo"}}, {"model": "contenttypes.contenttype", "pk": 14, "fields": {"app_label": "torneo", "model": "delegado"}}, {"model": "contenttypes.contenttype", "pk": 15, "fields": {"app_label": "torneo", "model": "entrenador"}}, {"model": "contenttypes.contenttype", "pk": 16, "fields": {"app_label": "torneo", "model": "equipo"}}, {"model": "contenttypes.contenttype", "pk": 17, "fields": {"app_label": "torneo", "model": "jugador"}}, {"model": "contenttypes.contenttype", "pk": 18, "fields": {"app_label": "torneo", "model": "tabla_posiciones"}}, {"model": "contenttypes.contenttype", "pk": 19, "fields": {"app_label": "torneo", "model": "enfrentamiento"}}, {"model": "sessions.session", "pk": "atyvmoly29j2eqq1nuh0l0be9zczo8xn", "fields": {"session_data": ".eJxVjEEOwiAQRe_C2hCRgoNL9z0DmWEGqRpISrsy3l2bdKHb_977LxVxXUpcu8xxYnVRVh1-N8L0kLoBvmO9NZ1aXeaJ9KbonXY9NpbndXf_Dgr28q2Tp5SzB2TwZDLCMQVrjfWZgFCEPDk-EQ4Z-OxAAvrAzgAbGSxRUO8PHqo5NQ:1orNGg:7sin28EHIO6EBMcjlWiO8Q-6to6ntlGgCWnnMeeeRdQ", "expire_date": "2022-11-19T17:47:42.452Z"}}, {"model": "sessions.session", "pk": "ngso5rkwvty6ig8jjekdj8zygwc0vq59", "fields": {"session_data": ".eJxVjEEOwiAQRe_C2hCRgoNL9z0DmWEGqRpISrsy3l2bdKHb_977LxVxXUpcu8xxYnVRVh1-N8L0kLoBvmO9NZ1aXeaJ9KbonXY9NpbndXf_Dgr28q2Tp5SzB2TwZDLCMQVrjfWZgFCEPDk-EQ4Z-OxAAvrAzgAbGSxRUO8PHqo5NQ:1orO3M:Yi3CfZuwd3FfVlhRHoJgbCkC5dlR074e3kxN0jXlHXc", "expire_date": "2022-11-19T18:38:00.537Z"}}, {"model": "sessions.session", "pk": "nipl4p7dqzjm2b9tekgd2bcra4p71sn9", "fields": {"session_data": ".eJxVjEEOwiAQRe_C2hCRgoNL9z0DmWEGqRpISrsy3l2bdKHb_977LxVxXUpcu8xxYnVRVh1-N8L0kLoBvmO9NZ1aXeaJ9KbonXY9NpbndXf_Dgr28q2Tp5SzB2TwZDLCMQVrjfWZgFCEPDk-EQ4Z-OxAAvrAzgAbGSxRUO8PHqo5NQ:1orNFc:_7Wq7yy9r4Ab3iQUPwF5Jv1MW056crzwIuz7-TPgkak", "expire_date": "2022-11-19T17:46:36.999Z"}}, {"model": "sessions.session", "pk": "r0642boyg2yxb3znfkcyefrzrczo7ob6", "fields": {"session_data": ".eJxVjDsOwjAQBe_iGlnrLP6Ekj5niNbeBQeQLcVJhbg7iZQC2jcz761GWpc8rk3mcWJ1UZ06_W6R0lPKDvhB5V51qmWZp6h3RR-06aGyvK6H-3eQqeWthoTYd95FBM_kBD0Y8thHTCgi4NGAiwbxdgbLLAwh2OCdpc2I4tTnC8O7N2M:1osuW4:lu1iRBgY4wCZisnly6NptGXr4VPQ4Gp-T8C4JmXkaPo", "expire_date": "2022-11-23T23:29:56.655Z"}}, {"model": "sessions.session", "pk": "zdjc1nirf575x3mvpvyjn5gr62vf9wvs", "fields": {"session_data": ".eJxVjEEOwiAQRe_C2hCRgoNL9z0DmWEGqRpISrsy3l2bdKHb_977LxVxXUpcu8xxYnVRVh1-N8L0kLoBvmO9NZ1aXeaJ9KbonXY9NpbndXf_Dgr28q2Tp5SzB2TwZDLCMQVrjfWZgFCEPDk-EQ4Z-OxAAvrAzgAbGSxRUO8PHqo5NQ:1ovPZp:4dcEvKRIXZhs7RX0ZG6dNBgujc-HQs5wF9nor72BHJU", "expire_date": "2022-11-30T21:04:09.291Z"}}, {"model": "sessions.session", "pk": "zpecesx5qmw10xj4k9hqgsrj9zqfjsod", "fields": {"session_data": ".eJxVjEEOwiAQRe_C2hAKlIJL9z0DmWGmUjWQlHZlvLtt0oVu_3vvv0WEbc1xa7zEmcRVdOLyuyGkJ5cD0APKvcpUy7rMKA9FnrTJsRK_bqf7d5Ch5b0G7a2aEiIBTk51NmmTSLHxZCz0aQDltHHGAwbWgKz7QGQd7mYYAojPFwEkOHk:1or6GK:EfYfebajI1cFXroCwJlVsOB9Pd91-Se2Hz34QIBknLc", "expire_date": "2022-11-18T23:38:12.905Z"}}, {"model": "torneo.organizador", "pk": 1, "fields": {"nombre_organizador": "admin", "correo_organizador": "admin@admin.com", "telefono_organizador": "68459858"}}, {"model": "torneo.organizador", "pk": 2, "fields": {"nombre_organizador": "Jheison Leon", "correo_organizador": "jheisonjr15@gmail.com", "telefono_organizador": "60359628"}}, {"model": "torneo.torneo", "pk": 1, "fields": {"nombre_torneo": "torneo maxibasquet", "fecha_torneo_inicio": "2022-11-03", "fecha_torneo_fin": "2023-11-05", "pais_torneo": "Bolivia", "torneo_estado": false, "invitacion_documento": "static/imagenes/convocatorias/BID_DATA_LfbNdiF.pdf", "logo": "static/imagenes/logos/4_uBgRLY9.png", "id_organizador": 1}}, {"model": "torneo.torneo", "pk": 2, "fields": {"nombre_torneo": "Torneo Amateur San Simon", "fecha_torneo_inicio": "2023-01-06", "fecha_torneo_fin": "2023-01-13", "pais_torneo": "Bolivia", "torneo_estado": true, "invitacion_documento": "static/imagenes/convocatorias/BID_DATA_w5shHfQ.pdf", "logo": "static/imagenes/logos/torneo.jpg", "id_organizador": 2}}, {"model": "torneo.inscripcion", "pk": 1, "fields": {"fecha_inicio": "2022-11-10", "fecha_fin": "2022-11-16", "monto_inscripcion": "800.00", "qr_inscripcion": "static/imagenes/qrs/qrcode_websis_JOQVN2Q.png", "estado_inscripcion": false, "id_torneo": 2}}, {"model": "torneo.pre_inscripcion", "pk": 1, "fields": {"fecha_inicioPre": "2022-11-03", "fecha_finPre": "2022-11-15", "monto_Preinscripcion": "10.00", "qr_Preinscripcion": "static/imagenes/qrs/4.png", "estado_Preinscripcion": true, "id_torneo": 1}}, {"model": "torneo.pre_inscripcion", "pk": 2, "fields": {"fecha_inicioPre": "2022-11-06", "fecha_finPre": "2022-11-09", "monto_Preinscripcion": "500.00", "qr_Preinscripcion": "static/imagenes/qrs/qrcode_classroom_oZilaaE.png", "estado_Preinscripcion": true, "id_torneo": 2}}, {"model": "torneo.delegado_preinscripcion", "pk": 1, "fields": {"nombre_delegado_Preinscripcion": "cristian", "estado_delegado_Preinscripcion": "ACEPTADO", "correo_delegado_Preinscripcion": "crisarando10@gmail.com", "ci_delegado_Preinscripcion": "9848582", "telefono_delegado_Preinscripcion": "68498875", "id_Pre_inscripcion": 1, "recibo_Preinscripcion": "static/imagenes/Comprobantes/compro1_nl4IzVz.jpg", "fecha_solicitud": "2022-11-07T12:45:22.027Z", "id_delegadoPreIns": 3}}, {"model": "torneo.delegado_preinscripcion", "pk": 2, "fields": {"nombre_delegado_Preinscripcion": "Jheison Leon", "estado_delegado_Preinscripcion": "PENDIENTE", "correo_delegado_Preinscripcion": "jheisonjr15@gmail.com", "ci_delegado_Preinscripcion": "7777777", "telefono_delegado_Preinscripcion": "321651456413", "id_Pre_inscripcion": 2, "recibo_Preinscripcion": "static/imagenes/Comprobantes/compro3_aDbhypb.jpg", "fecha_solicitud": "2022-11-07T12:48:17.381Z", "id_delegadoPreIns": null}}, {"model": "torneo.categorias_torneo", "pk": 1, "fields": {"nombre_categoria": "Varones", "edad_minima": 18, "edad_maxima": 25, "id_torneo": 1}}, {"model": "torneo.categorias_torneo", "pk": 2, "fields": {"nombre_categoria": "Mujeres", "edad_minima": 20, "edad_maxima": 30, "id_torneo": 1}}, {"model": "torneo.categorias_torneo", "pk": 3, "fields": {"nombre_categoria": "Mixto", "edad_minima": 40, "edad_maxima": 50, "id_torneo": 1}}, {"model": "torneo.categorias_torneo", "pk": 4, "fields": {"nombre_categoria": "Mujeres", "edad_minima": 35, "edad_maxima": 45, "id_torneo": 2}}, {"model": "torneo.categorias_torneo", "pk": 5, "fields": {"nombre_categoria": "Mixto", "edad_minima": 30, "edad_maxima": 60, "id_torneo": 2}}, {"model": "torneo.categorias_torneo", "pk": 6, "fields": {"nombre_categoria": "Varones", "edad_minima": 35, "edad_maxima": 45, "id_torneo": 2}}, {"model": "torneo.delegado", "pk": 3, "fields": {"nombre_delegado": "cristian", "ci_delegado": "9848582", "nacimiento_delegado": "2000-11-05", "telefono_delegado": "68498875", "foto_delegado": "static/imagenes/equipos/delegados/plantel.jpg"}}, {"model": "torneo.entrenador", "pk": 1, "fields": {"nombre_entrenador": "Edson", "apodo_entrenador": "Eden", "nacionalidad_entrenador": "Bolivia", "ci_entrenador": "9865898", "nacimiento_entrenador": "2000-11-04", "foto_entrenador": "static/imagenes/equipos/entrenadores/escudo2.jpg", "telefono_entrenador": "4488988"}}, {"model": "torneo.equipo", "pk": 1, "fields": {"nombre_equipo": "Doge", "pais_origen": "Peru", "ciudad_origen": "Lima", "escudo_equipo": "static/imagenes/equipos/escudos/equipo.jpg", "portada_equipo": "static/imagenes/equipos/portadas/portada.jpg", "categoria_equipo": "Mixto", "estado_inscripcion_equipo": "INSCRITO", "id_delegado": 3, "id_entrenador_equipo": 1, "id_torneo": 2}}, {"model": "torneo.equipo", "pk": 2, "fields": {"nombre_equipo": "Power Rangers", "pais_origen": "Peru", "ciudad_origen": "Lima", "escudo_equipo": "static/imagenes/equipos/escudos/equipo.jpg", "portada_equipo": "static/imagenes/equipos/portadas/portada.jpg", "categoria_equipo": "Varones", "estado_inscripcion_equipo": "INSCRITO", "id_delegado": 3, "id_entrenador_equipo": 1, "id_torneo": 2}}, {"model": "torneo.equipo", "pk": 3, "fields": {"nombre_equipo": "Pelota de Trapo", "pais_origen": "Peru", "ciudad_origen": "Lima", "escudo_equipo": "static/imagenes/equipos/escudos/equipo.jpg", "portada_equipo": "static/imagenes/equipos/portadas/portada.jpg", "categoria_equipo": "Varones", "estado_inscripcion_equipo": "INSCRITO", "id_delegado": 3, "id_entrenador_equipo": 1, "id_torneo": 2}}, {"model": "torneo.equipo", "pk": 4, "fields": {"nombre_equipo": "FC Beato", "pais_origen": "Peru", "ciudad_origen": "Lima", "escudo_equipo": "static/imagenes/equipos/escudos/equipo.jpg", "portada_equipo": "static/imagenes/equipos/portadas/portada.jpg", "categoria_equipo": "Varones", "estado_inscripcion_equipo": "INSCRITO", "id_delegado": 3, "id_entrenador_equipo": 1, "id_torneo": 2}}, {"model": "torneo.equipo", "pk": 5, "fields": {"nombre_equipo": "Los Mercenarios", "pais_origen": "Peru", "ciudad_origen": "Lima", "escudo_equipo": "static/imagenes/equipos/escudos/equipo.jpg", "portada_equipo": "static/imagenes/equipos/portadas/portada.jpg", "categoria_equipo": "Varones", "estado_inscripcion_equipo": "INSCRITO", "id_delegado": 3, "id_entrenador_equipo": 1, "id_torneo": 2}}, {"model": "torneo.equipo", "pk": 6, "fields": {"nombre_equipo": "PitBulls", "pais_origen": "Peru", "ciudad_origen": "Lima", "escudo_equipo": "static/imagenes/equipos/escudos/equipo.jpg", "portada_equipo": "static/imagenes/equipos/portadas/portada.jpg", "categoria_equipo": "Mujeres", "estado_inscripcion_equipo": "INSCRITO", "id_delegado": 3, "id_entrenador_equipo": 1, "id_torneo": 2}}, {"model": "torneo.equipo", "pk": 7, "fields": {"nombre_equipo": "Lakers", "pais_origen": "Peru", "ciudad_origen": "Lima", "escudo_equipo": "static/imagenes/equipos/escudos/equipo.jpg", "portada_equipo": "static/imagenes/equipos/portadas/portada.jpg", "categoria_equipo": "Mujeres", "estado_inscripcion_equipo": "INSCRITO", "id_delegado": 3, "id_entrenador_equipo": 1, "id_torneo": 2}}, {"model": "torneo.equipo", "pk": 8, "fields": {"nombre_equipo": "Clippers", "pais_origen": "Peru", "ciudad_origen": "Lima", "escudo_equipo": "static/imagenes/equipos/escudos/equipo.jpg", "portada_equipo": "static/imagenes/equipos/portadas/portada.jpg", "categoria_equipo": "Mujeres", "estado_inscripcion_equipo": "INSCRITO", "id_delegado": 3, "id_entrenador_equipo": 1, "id_torneo": 2}}, {"model": "torneo.equipo", "pk": 9, "fields": {"nombre_equipo": "Warriors", "pais_origen": "Peru", "ciudad_origen": "Lima", "escudo_equipo": "static/imagenes/equipos/escudos/equipo.jpg", "portada_equipo": "static/imagenes/equipos/portadas/portada.jpg", "categoria_equipo": "Mujeres", "estado_inscripcion_equipo": "INSCRITO", "id_delegado": 3, "id_entrenador_equipo": 1, "id_torneo": 2}}, {"model": "torneo.equipo", "pk": 10, "fields": {"nombre_equipo": "Boston", "pais_origen": "Peru", "ciudad_origen": "Lima", "escudo_equipo": "static/imagenes/equipos/escudos/equipo.jpg", "portada_equipo": "static/imagenes/equipos/portadas/portada.jpg", "categoria_equipo": "Mujeres", "estado_inscripcion_equipo": "INSCRITO", "id_delegado": 3, "id_entrenador_equipo": 1, "id_torneo": 2}}, {"model": "torneo.equipo", "pk": 11, "fields": {"nombre_equipo": "Chicago FC", "pais_origen": "Peru", "ciudad_origen": "Lima", "escudo_equipo": "static/imagenes/equipos/escudos/equipo.jpg", "portada_equipo": "static/imagenes/equipos/portadas/portada.jpg", "categoria_equipo": "Mixto", "estado_inscripcion_equipo": "INSCRITO", "id_delegado": 3, "id_entrenador_equipo": 1, "id_torneo": 2}}, {"model": "torneo.equipo", "pk": 12, "fields": {"nombre_equipo": "Cleveland", "pais_origen": "Peru", "ciudad_origen": "Lima", "escudo_equipo": "static/imagenes/equipos/escudos/equipo.jpg", "portada_equipo": "static/imagenes/equipos/portadas/portada.jpg", "categoria_equipo": "Mixto", "estado_inscripcion_equipo": "INSCRITO", "id_delegado": 3, "id_entrenador_equipo": 1, "id_torneo": 2}}, {"model": "torneo.jugador", "pk": 1, "fields": {"nombre_jugador": "Gabriel Romero", "apodo_jugador": "Dino", "ci_jugador": "9587856", "nacimiento_jugador": "2000-11-05", "foto_jugador": "static/imagenes/equipos/jugadores/jug1.jpg", "telefono_jugador": "6587855", "dorsal_jugador": "11", "posicion_jugador": "Volante", "id_equipo": 1}}, {"model": "torneo.jugador", "pk": 2, "fields": {"nombre_jugador": "Carlos Rojas", "apodo_jugador": "Rojo", "ci_jugador": "9887859", "nacimiento_jugador": "1998-11-05", "foto_jugador": "static/imagenes/equipos/jugadores/jug2.jpg", "telefono_jugador": "68789856", "dorsal_jugador": "10", "posicion_jugador": "Killer", "id_equipo": 1}}, {"model": "torneo.jugador", "pk": 3, "fields": {"nombre_jugador": "Carlos Rojas", "apodo_jugador": "Rojo", "ci_jugador": "9887859", "nacimiento_jugador": "1998-11-05", "foto_jugador": "static/imagenes/equipos/jugadores/jug3.jpg", "telefono_jugador": "68789856", "dorsal_jugador": "10", "posicion_jugador": "Killer", "id_equipo": 1}}, {"model": "torneo.jugador", "pk": 4, "fields": {"nombre_jugador": "Carlos Rojas", "apodo_jugador": "Rojo", "ci_jugador": "9887859", "nacimiento_jugador": "1998-11-05", "foto_jugador": "static/imagenes/equipos/jugadores/jug4.jpg", "telefono_jugador": "68789856", "dorsal_jugador": "10", "posicion_jugador": "Killer", "id_equipo": 1}}, {"model": "torneo.jugador", "pk": 5, "fields": {"nombre_jugador": "Carlos Rojas", "apodo_jugador": "Rojo", "ci_jugador": "9887859", "nacimiento_jugador": "1998-11-05", "foto_jugador": "static/imagenes/equipos/jugadores/default.jpg", "telefono_jugador": "68789856", "dorsal_jugador": "10", "posicion_jugador": "Killer", "id_equipo": 1}}, {"model": "torneo.tabla_posiciones", "pk": 1, "fields": {"nombre_equipo": "Doge", "escudo_equipo": "static/imagenes/equipos/escudos/equipo.jpg", "categoria_equipo": "Mixto", "partidos_jugados": 0, "partidos_ganados": 0, "partidos_perdidos": 0, "puntos_favor": 0, "puntos_encontra": 0, "diferencia": 0, "puntaje_total": 0, "id_torneo": 2}}, {"model": "torneo.tabla_posiciones", "pk": 2, "fields": {"nombre_equipo": "Power Rangers", "escudo_equipo": "static/imagenes/equipos/escudos/equipo.jpg", "categoria_equipo": "Varones", "partidos_jugados": 0, "partidos_ganados": 0, "partidos_perdidos": 0, "puntos_favor": 0, "puntos_encontra": 0, "diferencia": 0, "puntaje_total": 0, "id_torneo": 2}}, {"model": "torneo.tabla_posiciones", "pk": 3, "fields": {"nombre_equipo": "Pelota de Trapo", "escudo_equipo": "static/imagenes/equipos/escudos/equipo.jpg", "categoria_equipo": "Varones", "partidos_jugados": 0, "partidos_ganados": 0, "partidos_perdidos": 0, "puntos_favor": 0, "puntos_encontra": 0, "diferencia": 0, "puntaje_total": 0, "id_torneo": 2}}, {"model": "torneo.tabla_posiciones", "pk": 4, "fields": {"nombre_equipo": "FC Beato", "escudo_equipo": "static/imagenes/equipos/escudos/equipo.jpg", "categoria_equipo": "Varones", "partidos_jugados": 0, "partidos_ganados": 0, "partidos_perdidos": 0, "puntos_favor": 0, "puntos_encontra": 0, "diferencia": 0, "puntaje_total": 0, "id_torneo": 2}}, {"model": "torneo.tabla_posiciones", "pk": 5, "fields": {"nombre_equipo": "Los Mercenarios", "escudo_equipo": "static/imagenes/equipos/escudos/equipo.jpg", "categoria_equipo": "Varones", "partidos_jugados": 0, "partidos_ganados": 0, "partidos_perdidos": 0, "puntos_favor": 0, "puntos_encontra": 0, "diferencia": 0, "puntaje_total": 0, "id_torneo": 2}}, {"model": "torneo.tabla_posiciones", "pk": 6, "fields": {"nombre_equipo": "PitBulls", "escudo_equipo": "static/imagenes/equipos/escudos/equipo.jpg", "categoria_equipo": "Mujeres", "partidos_jugados": 0, "partidos_ganados": 0, "partidos_perdidos": 0, "puntos_favor": 0, "puntos_encontra": 0, "diferencia": 0, "puntaje_total": 2, "id_torneo": 2}}, {"model": "torneo.tabla_posiciones", "pk": 7, "fields": {"nombre_equipo": "Lakers", "escudo_equipo": "static/imagenes/equipos/escudos/equipo.jpg", "categoria_equipo": "Mujeres", "partidos_jugados": 0, "partidos_ganados": 0, "partidos_perdidos": 0, "puntos_favor": 0, "puntos_encontra": 0, "diferencia": 0, "puntaje_total": 2, "id_torneo": 2}}, {"model": "torneo.tabla_posiciones", "pk": 8, "fields": {"nombre_equipo": "Clippers", "escudo_equipo": "static/imagenes/equipos/escudos/equipo.jpg", "categoria_equipo": "Mujeres", "partidos_jugados": 0, "partidos_ganados": 0, "partidos_perdidos": 0, "puntos_favor": 0, "puntos_encontra": 0, "diferencia": 0, "puntaje_total": 5, "id_torneo": 2}}, {"model": "torneo.tabla_posiciones", "pk": 9, "fields": {"nombre_equipo": "Warriors", "escudo_equipo": "static/imagenes/equipos/escudos/equipo.jpg", "categoria_equipo": "Mujeres", "partidos_jugados": 0, "partidos_ganados": 0, "partidos_perdidos": 0, "puntos_favor": 0, "puntos_encontra": 0, "diferencia": 0, "puntaje_total": 10, "id_torneo": 2}}, {"model": "torneo.tabla_posiciones", "pk": 10, "fields": {"nombre_equipo": "Boston", "escudo_equipo": "static/imagenes/equipos/escudos/equipo.jpg", "categoria_equipo": "Mujeres", "partidos_jugados": 0, "partidos_ganados": 0, "partidos_perdidos": 0, "puntos_favor": 0, "puntos_encontra": 0, "diferencia": 0, "puntaje_total": 3, "id_torneo": 2}}, {"model": "torneo.tabla_posiciones", "pk": 11, "fields": {"nombre_equipo": "Chicago FC", "escudo_equipo": "static/imagenes/equipos/escudos/equipo.jpg", "categoria_equipo": "Mixto", "partidos_jugados": 0, "partidos_ganados": 0, "partidos_perdidos": 0, "puntos_favor": 0, "puntos_encontra": 0, "diferencia": 0, "puntaje_total": 0, "id_torneo": 2}}, {"model": "torneo.tabla_posiciones", "pk": 12, "fields": {"nombre_equipo": "Cleveland", "escudo_equipo": "static/imagenes/equipos/escudos/equipo.jpg", "categoria_equipo": "Mixto", "partidos_jugados": 0, "partidos_ganados": 0, "partidos_perdidos": 0, "puntos_favor": 0, "puntos_encontra": 0, "diferencia": 0, "puntaje_total": 0, "id_torneo": 2}}, {"model": "torneo.enfrentamiento", "pk": 272, "fields": {"equipo_a": "Doge", "escudo_equipoA": "static/imagenes/equipos/escudos/equipo.jpg", "equipo_b": "Chicago FC", "escudo_equipoB": "static/imagenes/equipos/escudos/equipo.jpg", "fecha_enfrentamiento": "2022-11-09T23:30:08.127Z", "categoria": "Mixto", "estado": "PENDIENTE", "id_torneo": 2}}, {"model": "torneo.enfrentamiento", "pk": 273, "fields": {"equipo_a": "Doge", "escudo_equipoA": "static/imagenes/equipos/escudos/equipo.jpg", "equipo_b": "Cleveland", "escudo_equipoB": "static/imagenes/equipos/escudos/equipo.jpg", "fecha_enfrentamiento": "2022-11-09T23:30:08.271Z", "categoria": "Mixto", "estado": "PENDIENTE", "id_torneo": 2}}, {"model": "torneo.enfrentamiento", "pk": 274, "fields": {"equipo_a": "Power Rangers", "escudo_equipoA": "static/imagenes/equipos/escudos/equipo.jpg", "equipo_b": "Pelota de Trapo", "escudo_equipoB": "static/imagenes/equipos/escudos/equipo.jpg", "fecha_enfrentamiento": "2022-11-09T23:30:08.367Z", "categoria": "Varones", "estado": "PENDIENTE", "id_torneo": 2}}, {"model": "torneo.enfrentamiento", "pk": 275, "fields": {"equipo_a": "Power Rangers", "escudo_equipoA": "static/imagenes/equipos/escudos/equipo.jpg", "equipo_b": "FC Beato", "escudo_equipoB": "static/imagenes/equipos/escudos/equipo.jpg", "fecha_enfrentamiento": "2022-11-09T23:30:08.514Z", "categoria": "Varones", "estado": "PENDIENTE", "id_torneo": 2}}, {"model": "torneo.enfrentamiento", "pk": 276, "fields": {"equipo_a": "Power Rangers", "escudo_equipoA": "static/imagenes/equipos/escudos/equipo.jpg", "equipo_b": "Los Mercenarios", "escudo_equipoB": "static/imagenes/equipos/escudos/equipo.jpg", "fecha_enfrentamiento": "2022-11-09T23:30:08.666Z", "categoria": "Varones", "estado": "PENDIENTE", "id_torneo": 2}}, {"model": "torneo.enfrentamiento", "pk": 277, "fields": {"equipo_a": "Pelota de Trapo", "escudo_equipoA": "static/imagenes/equipos/escudos/equipo.jpg", "equipo_b": "Power Rangers", "escudo_equipoB": "static/imagenes/equipos/escudos/equipo.jpg", "fecha_enfrentamiento": "2022-11-09T23:30:08.799Z", "categoria": "Varones", "estado": "PENDIENTE", "id_torneo": 2}}, {"model": "torneo.enfrentamiento", "pk": 278, "fields": {"equipo_a": "Pelota de Trapo", "escudo_equipoA": "static/imagenes/equipos/escudos/equipo.jpg", "equipo_b": "FC Beato", "escudo_equipoB": "static/imagenes/equipos/escudos/equipo.jpg", "fecha_enfrentamiento": "2022-11-09T23:30:08.912Z", "categoria": "Varones", "estado": "PENDIENTE", "id_torneo": 2}}, {"model": "torneo.enfrentamiento", "pk": 279, "fields": {"equipo_a": "Pelota de Trapo", "escudo_equipoA": "static/imagenes/equipos/escudos/equipo.jpg", "equipo_b": "Los Mercenarios", "escudo_equipoB": "static/imagenes/equipos/escudos/equipo.jpg", "fecha_enfrentamiento": "2022-11-09T23:30:09.023Z", "categoria": "Varones", "estado": "PENDIENTE", "id_torneo": 2}}, {"model": "torneo.enfrentamiento", "pk": 280, "fields": {"equipo_a": "FC Beato", "escudo_equipoA": "static/imagenes/equipos/escudos/equipo.jpg", "equipo_b": "Power Rangers", "escudo_equipoB": "static/imagenes/equipos/escudos/equipo.jpg", "fecha_enfrentamiento": "2022-11-09T23:30:09.128Z", "categoria": "Varones", "estado": "PENDIENTE", "id_torneo": 2}}, {"model": "torneo.enfrentamiento", "pk": 281, "fields": {"equipo_a": "FC Beato", "escudo_equipoA": "static/imagenes/equipos/escudos/equipo.jpg", "equipo_b": "Pelota de Trapo", "escudo_equipoB": "static/imagenes/equipos/escudos/equipo.jpg", "fecha_enfrentamiento": "2022-11-09T23:30:09.232Z", "categoria": "Varones", "estado": "PENDIENTE", "id_torneo": 2}}, {"model": "torneo.enfrentamiento", "pk": 282, "fields": {"equipo_a": "FC Beato", "escudo_equipoA": "static/imagenes/equipos/escudos/equipo.jpg", "equipo_b": "Los Mercenarios", "escudo_equipoB": "static/imagenes/equipos/escudos/equipo.jpg", "fecha_enfrentamiento": "2022-11-09T23:30:09.352Z", "categoria": "Varones", "estado": "PENDIENTE", "id_torneo": 2}}, {"model": "torneo.enfrentamiento", "pk": 283, "fields": {"equipo_a": "Los Mercenarios", "escudo_equipoA": "static/imagenes/equipos/escudos/equipo.jpg", "equipo_b": "Power Rangers", "escudo_equipoB": "static/imagenes/equipos/escudos/equipo.jpg", "fecha_enfrentamiento": "2022-11-09T23:30:09.553Z", "categoria": "Varones", "estado": "PENDIENTE", "id_torneo": 2}}, {"model": "torneo.enfrentamiento", "pk": 284, "fields": {"equipo_a": "Los Mercenarios", "escudo_equipoA": "static/imagenes/equipos/escudos/equipo.jpg", "equipo_b": "Pelota de Trapo", "escudo_equipoB": "static/imagenes/equipos/escudos/equipo.jpg", "fecha_enfrentamiento": "2022-11-09T23:30:09.753Z", "categoria": "Varones", "estado": "PENDIENTE", "id_torneo": 2}}, {"model": "torneo.enfrentamiento", "pk": 285, "fields": {"equipo_a": "Los Mercenarios", "escudo_equipoA": "static/imagenes/equipos/escudos/equipo.jpg", "equipo_b": "FC Beato", "escudo_equipoB": "static/imagenes/equipos/escudos/equipo.jpg", "fecha_enfrentamiento": "2022-11-09T23:30:09.866Z", "categoria": "Varones", "estado": "PENDIENTE", "id_torneo": 2}}, {"model": "torneo.enfrentamiento", "pk": 286, "fields": {"equipo_a": "PitBulls", "escudo_equipoA": "static/imagenes/equipos/escudos/equipo.jpg", "equipo_b": "Lakers", "escudo_equipoB": "static/imagenes/equipos/escudos/equipo.jpg", "fecha_enfrentamiento": "2022-11-09T23:30:10.035Z", "categoria": "Mujeres", "estado": "PENDIENTE", "id_torneo": 2}}, {"model": "torneo.enfrentamiento", "pk": 287, "fields": {"equipo_a": "PitBulls", "escudo_equipoA": "static/imagenes/equipos/escudos/equipo.jpg", "equipo_b": "Clippers", "escudo_equipoB": "static/imagenes/equipos/escudos/equipo.jpg", "fecha_enfrentamiento": "2022-11-09T23:30:10.162Z", "categoria": "Mujeres", "estado": "PENDIENTE", "id_torneo": 2}}, {"model": "torneo.enfrentamiento", "pk": 288, "fields": {"equipo_a": "PitBulls", "escudo_equipoA": "static/imagenes/equipos/escudos/equipo.jpg", "equipo_b": "Warriors", "escudo_equipoB": "static/imagenes/equipos/escudos/equipo.jpg", "fecha_enfrentamiento": "2022-11-09T23:30:10.330Z", "categoria": "Mujeres", "estado": "PENDIENTE", "id_torneo": 2}}, {"model": "torneo.enfrentamiento", "pk": 289, "fields": {"equipo_a": "PitBulls", "escudo_equipoA": "static/imagenes/equipos/escudos/equipo.jpg", "equipo_b": "Boston", "escudo_equipoB": "static/imagenes/equipos/escudos/equipo.jpg", "fecha_enfrentamiento": "2022-11-09T23:30:10.689Z", "categoria": "Mujeres", "estado": "PENDIENTE", "id_torneo": 2}}, {"model": "torneo.enfrentamiento", "pk": 290, "fields": {"equipo_a": "Lakers", "escudo_equipoA": "static/imagenes/equipos/escudos/equipo.jpg", "equipo_b": "PitBulls", "escudo_equipoB": "static/imagenes/equipos/escudos/equipo.jpg", "fecha_enfrentamiento": "2022-11-09T23:30:10.882Z", "categoria": "Mujeres", "estado": "PENDIENTE", "id_torneo": 2}}, {"model": "torneo.enfrentamiento", "pk": 291, "fields": {"equipo_a": "Lakers", "escudo_equipoA": "static/imagenes/equipos/escudos/equipo.jpg", "equipo_b": "Clippers", "escudo_equipoB": "static/imagenes/equipos/escudos/equipo.jpg", "fecha_enfrentamiento": "2022-11-09T23:30:10.996Z", "categoria": "Mujeres", "estado": "PENDIENTE", "id_torneo": 2}}, {"model": "torneo.enfrentamiento", "pk": 292, "fields": {"equipo_a": "Lakers", "escudo_equipoA": "static/imagenes/equipos/escudos/equipo.jpg", "equipo_b": "Warriors", "escudo_equipoB": "static/imagenes/equipos/escudos/equipo.jpg", "fecha_enfrentamiento": "2022-11-09T23:30:11.104Z", "categoria": "Mujeres", "estado": "PENDIENTE", "id_torneo": 2}}, {"model": "torneo.enfrentamiento", "pk": 293, "fields": {"equipo_a": "Lakers", "escudo_equipoA": "static/imagenes/equipos/escudos/equipo.jpg", "equipo_b": "Boston", "escudo_equipoB": "static/imagenes/equipos/escudos/equipo.jpg", "fecha_enfrentamiento": "2022-11-09T23:30:11.281Z", "categoria": "Mujeres", "estado": "PENDIENTE", "id_torneo": 2}}, {"model": "torneo.enfrentamiento", "pk": 294, "fields": {"equipo_a": "Clippers", "escudo_equipoA": "static/imagenes/equipos/escudos/equipo.jpg", "equipo_b": "PitBulls", "escudo_equipoB": "static/imagenes/equipos/escudos/equipo.jpg", "fecha_enfrentamiento": "2022-11-09T23:30:11.455Z", "categoria": "Mujeres", "estado": "PENDIENTE", "id_torneo": 2}}, {"model": "torneo.enfrentamiento", "pk": 295, "fields": {"equipo_a": "Clippers", "escudo_equipoA": "static/imagenes/equipos/escudos/equipo.jpg", "equipo_b": "Lakers", "escudo_equipoB": "static/imagenes/equipos/escudos/equipo.jpg", "fecha_enfrentamiento": "2022-11-09T23:30:11.802Z", "categoria": "Mujeres", "estado": "PENDIENTE", "id_torneo": 2}}, {"model": "torneo.enfrentamiento", "pk": 296, "fields": {"equipo_a": "Clippers", "escudo_equipoA": "static/imagenes/equipos/escudos/equipo.jpg", "equipo_b": "Warriors", "escudo_equipoB": "static/imagenes/equipos/escudos/equipo.jpg", "fecha_enfrentamiento": "2022-11-09T23:30:11.995Z", "categoria": "Mujeres", "estado": "PENDIENTE", "id_torneo": 2}}, {"model": "torneo.enfrentamiento", "pk": 297, "fields": {"equipo_a": "Clippers", "escudo_equipoA": "static/imagenes/equipos/escudos/equipo.jpg", "equipo_b": "Boston", "escudo_equipoB": "static/imagenes/equipos/escudos/equipo.jpg", "fecha_enfrentamiento": "2022-11-09T23:30:12.222Z", "categoria": "Mujeres", "estado": "PENDIENTE", "id_torneo": 2}}, {"model": "torneo.enfrentamiento", "pk": 298, "fields": {"equipo_a": "Warriors", "escudo_equipoA": "static/imagenes/equipos/escudos/equipo.jpg", "equipo_b": "PitBulls", "escudo_equipoB": "static/imagenes/equipos/escudos/equipo.jpg", "fecha_enfrentamiento": "2022-11-09T23:30:12.428Z", "categoria": "Mujeres", "estado": "PENDIENTE", "id_torneo": 2}}, {"model": "torneo.enfrentamiento", "pk": 299, "fields": {"equipo_a": "Warriors", "escudo_equipoA": "static/imagenes/equipos/escudos/equipo.jpg", "equipo_b": "Lakers", "escudo_equipoB": "static/imagenes/equipos/escudos/equipo.jpg", "fecha_enfrentamiento": "2022-11-09T23:30:12.700Z", "categoria": "Mujeres", "estado": "PENDIENTE", "id_torneo": 2}}, {"model": "torneo.enfrentamiento", "pk": 300, "fields": {"equipo_a": "Warriors", "escudo_equipoA": "static/imagenes/equipos/escudos/equipo.jpg", "equipo_b": "Clippers", "escudo_equipoB": "static/imagenes/equipos/escudos/equipo.jpg", "fecha_enfrentamiento": "2022-11-09T23:30:12.964Z", "categoria": "Mujeres", "estado": "PENDIENTE", "id_torneo": 2}}, {"model": "torneo.enfrentamiento", "pk": 301, "fields": {"equipo_a": "Warriors", "escudo_equipoA": "static/imagenes/equipos/escudos/equipo.jpg", "equipo_b": "Boston", "escudo_equipoB": "static/imagenes/equipos/escudos/equipo.jpg", "fecha_enfrentamiento": "2022-11-09T23:30:13.192Z", "categoria": "Mujeres", "estado": "PENDIENTE", "id_torneo": 2}}, {"model": "torneo.enfrentamiento", "pk": 302, "fields": {"equipo_a": "Boston", "escudo_equipoA": "static/imagenes/equipos/escudos/equipo.jpg", "equipo_b": "PitBulls", "escudo_equipoB": "static/imagenes/equipos/escudos/equipo.jpg", "fecha_enfrentamiento": "2022-11-09T23:30:13.349Z", "categoria": "Mujeres", "estado": "PENDIENTE", "id_torneo": 2}}, {"model": "torneo.enfrentamiento", "pk": 303, "fields": {"equipo_a": "Boston", "escudo_equipoA": "static/imagenes/equipos/escudos/equipo.jpg", "equipo_b": "Lakers", "escudo_equipoB": "static/imagenes/equipos/escudos/equipo.jpg", "fecha_enfrentamiento": "2022-11-09T23:30:13.610Z", "categoria": "Mujeres", "estado": "PENDIENTE", "id_torneo": 2}}, {"model": "torneo.enfrentamiento", "pk": 304, "fields": {"equipo_a": "Boston", "escudo_equipoA": "static/imagenes/equipos/escudos/equipo.jpg", "equipo_b": "Clippers", "escudo_equipoB": "static/imagenes/equipos/escudos/equipo.jpg", "fecha_enfrentamiento": "2022-11-09T23:30:13.729Z", "categoria": "Mujeres", "estado": "PENDIENTE", "id_torneo": 2}}, {"model": "torneo.enfrentamiento", "pk": 305, "fields": {"equipo_a": "Boston", "escudo_equipoA": "static/imagenes/equipos/escudos/equipo.jpg", "equipo_b": "Warriors", "escudo_equipoB": "static/imagenes/equipos/escudos/equipo.jpg", "fecha_enfrentamiento": "2022-11-09T23:30:13.844Z", "categoria": "Mujeres", "estado": "PENDIENTE", "id_torneo": 2}}, {"model": "torneo.enfrentamiento", "pk": 306, "fields": {"equipo_a": "Chicago FC", "escudo_equipoA": "static/imagenes/equipos/escudos/equipo.jpg", "equipo_b": "Doge", "escudo_equipoB": "static/imagenes/equipos/escudos/equipo.jpg", "fecha_enfrentamiento": "2022-11-09T23:30:13.957Z", "categoria": "Mixto", "estado": "PENDIENTE", "id_torneo": 2}}, {"model": "torneo.enfrentamiento", "pk": 307, "fields": {"equipo_a": "Chicago FC", "escudo_equipoA": "static/imagenes/equipos/escudos/equipo.jpg", "equipo_b": "Cleveland", "escudo_equipoB": "static/imagenes/equipos/escudos/equipo.jpg", "fecha_enfrentamiento": "2022-11-09T23:30:14.077Z", "categoria": "Mixto", "estado": "PENDIENTE", "id_torneo": 2}}, {"model": "torneo.enfrentamiento", "pk": 308, "fields": {"equipo_a": "Cleveland", "escudo_equipoA": "static/imagenes/equipos/escudos/equipo.jpg", "equipo_b": "Doge", "escudo_equipoB": "static/imagenes/equipos/escudos/equipo.jpg", "fecha_enfrentamiento": "2022-11-09T23:30:14.269Z", "categoria": "Mixto", "estado": "PENDIENTE", "id_torneo": 2}}, {"model": "torneo.enfrentamiento", "pk": 309, "fields": {"equipo_a": "Cleveland", "escudo_equipoA": "static/imagenes/equipos/escudos/equipo.jpg", "equipo_b": "Chicago FC", "escudo_equipoB": "static/imagenes/equipos/escudos/equipo.jpg", "fecha_enfrentamiento": "2022-11-09T23:30:14.405Z", "categoria": "Mixto", "estado": "PENDIENTE", "id_torneo": 2}}]